{"IcoMoonType":"selection","icons":[{"icon":{"paths":["M576 160v320l320-320v704l-320-320v320l-352-352z"],"attrs":[],"isMulticolor":false,"isMulticolor2":false,"tags":["backward","player"],"defaultCode":59935,"grid":16},"attrs":[],"properties":{"ligatures":"backward2, player11","name":"prev","id":287,"order":28,"prevSize":32,"code":59935},"setIdx":0,"setId":0,"iconIdx":287},{"icon":{"paths":["M512 864v-320l-320 320v-704l320 320v-320l352 352z"],"attrs":[],"isMulticolor":false,"isMulticolor2":false,"tags":["forward","player"],"defaultCode":59936,"grid":16},"attrs":[],"properties":{"ligatures":"forward3, player12","name":"next","id":288,"order":29,"prevSize":32,"code":59936},"setIdx":0,"setId":0,"iconIdx":288}],"height":1024,"metadata":{"name":"icomoon"},"preferences":{"showGlyphs":true,"showCodes":true,"showQuickUse":true,"showQuickUse2":true,"showSVGs":true,"fontPref":{"prefix":"icon-","metadata":{"fontFamily":"icomoon"},"metrics":{"emSize":1024,"baseline":6.25,"whitespace":50},"embed":false},"imagePref":{"prefix":"icon-","png":true,"useClassSelector":true,"color":0,"bgColor":16777215},"historySize":50}}